{
  "logout" : {
    "transaction" : "logout",
    "sampleCount" : 150,
    "errorCount" : 0,
    "errorPct" : 0.0,
    "meanResTime" : 698.3600000000001,
    "medianResTime" : 755.0,
    "minResTime" : 61.0,
    "maxResTime" : 1538.0,
    "pct1ResTime" : 1031.8,
    "pct2ResTime" : 1194.1999999999998,
    "pct3ResTime" : 1484.960000000001,
    "throughput" : 16.051364365971107,
    "receivedKBytesPerSec" : 82.65658440342429,
    "sentKBytesPerSec" : 17.175168873729266
  },
  "JDBC Request" : {
    "transaction" : "JDBC Request",
    "sampleCount" : 50,
    "errorCount" : 0,
    "errorPct" : 0.0,
    "meanResTime" : 154.3400000000001,
    "medianResTime" : 103.0,
    "minResTime" : 15.0,
    "maxResTime" : 453.0,
    "pct1ResTime" : 367.7,
    "pct2ResTime" : 424.29999999999984,
    "pct3ResTime" : 453.0,
    "throughput" : 12.23091976516634,
    "receivedKBytesPerSec" : 0.6808226822407045,
    "sentKBytesPerSec" : 0.0
  },
  "娱乐" : {
    "transaction" : "娱乐",
    "sampleCount" : 50,
    "errorCount" : 0,
    "errorPct" : 0.0,
    "meanResTime" : 734.52,
    "medianResTime" : 731.0,
    "minResTime" : 128.0,
    "maxResTime" : 1164.0,
    "pct1ResTime" : 1048.9,
    "pct2ResTime" : 1115.5999999999997,
    "pct3ResTime" : 1164.0,
    "throughput" : 5.081817257851408,
    "receivedKBytesPerSec" : 4.5732385150929975,
    "sentKBytesPerSec" : 6.7558393256428495
  },
  "体育" : {
    "transaction" : "体育",
    "sampleCount" : 50,
    "errorCount" : 0,
    "errorPct" : 0.0,
    "meanResTime" : 772.76,
    "medianResTime" : 794.0,
    "minResTime" : 152.0,
    "maxResTime" : 1422.0,
    "pct1ResTime" : 1101.1,
    "pct2ResTime" : 1169.8499999999997,
    "pct3ResTime" : 1422.0,
    "throughput" : 5.078204346942921,
    "receivedKBytesPerSec" : 4.601329219987813,
    "sentKBytesPerSec" : 6.757979128580134
  },
  "formhash" : {
    "transaction" : "formhash",
    "sampleCount" : 50,
    "errorCount" : 0,
    "errorPct" : 0.0,
    "meanResTime" : 743.7799999999997,
    "medianResTime" : 679.0,
    "minResTime" : 389.0,
    "maxResTime" : 1408.0,
    "pct1ResTime" : 1234.5,
    "pct2ResTime" : 1287.9499999999998,
    "pct3ResTime" : 1408.0,
    "throughput" : 9.10912734560029,
    "receivedKBytesPerSec" : 52.59898347832028,
    "sentKBytesPerSec" : 8.507782610675898
  },
  "Total" : {
    "transaction" : "Total",
    "sampleCount" : 1100,
    "errorCount" : 0,
    "errorPct" : 0.0,
    "meanResTime" : 411.597272727273,
    "medianResTime" : 356.5,
    "minResTime" : 0.0,
    "maxResTime" : 1905.0,
    "pct1ResTime" : 967.0,
    "pct2ResTime" : 1084.95,
    "pct3ResTime" : 1383.7800000000002,
    "throughput" : 94.57484309173759,
    "receivedKBytesPerSec" : 184.48399952175222,
    "sentKBytesPerSec" : 55.76817543096036
  },
  "name" : {
    "transaction" : "name",
    "sampleCount" : 150,
    "errorCount" : 0,
    "errorPct" : 0.0,
    "meanResTime" : 4.613333333333331,
    "medianResTime" : 1.0,
    "minResTime" : 0.0,
    "maxResTime" : 42.0,
    "pct1ResTime" : 23.700000000000017,
    "pct2ResTime" : 35.44999999999999,
    "pct3ResTime" : 39.960000000000036,
    "throughput" : 14.337602752819729,
    "receivedKBytesPerSec" : 0.0,
    "sentKBytesPerSec" : 0.0
  },
  "调试取样器" : {
    "transaction" : "调试取样器",
    "sampleCount" : 150,
    "errorCount" : 0,
    "errorPct" : 0.0,
    "meanResTime" : 0.5600000000000002,
    "medianResTime" : 0.0,
    "minResTime" : 0.0,
    "maxResTime" : 41.0,
    "pct1ResTime" : 1.0,
    "pct2ResTime" : 1.0,
    "pct3ResTime" : 24.1700000000003,
    "throughput" : 14.391250119927085,
    "receivedKBytesPerSec" : 11.103374148517702,
    "sentKBytesPerSec" : 0.0
  },
  "pwd" : {
    "transaction" : "pwd",
    "sampleCount" : 150,
    "errorCount" : 0,
    "errorPct" : 0.0,
    "meanResTime" : 1.1000000000000008,
    "medianResTime" : 1.0,
    "minResTime" : 0.0,
    "maxResTime" : 43.0,
    "pct1ResTime" : 2.0,
    "pct2ResTime" : 3.4499999999999886,
    "pct3ResTime" : 25.66000000000031,
    "throughput" : 14.36643999616895,
    "receivedKBytesPerSec" : 0.0,
    "sentKBytesPerSec" : 0.0
  },
  "login" : {
    "transaction" : "login",
    "sampleCount" : 150,
    "errorCount" : 0,
    "errorPct" : 0.0,
    "meanResTime" : 730.1400000000001,
    "medianResTime" : 696.0,
    "minResTime" : 187.0,
    "maxResTime" : 1905.0,
    "pct1ResTime" : 1075.5,
    "pct2ResTime" : 1350.4499999999994,
    "pct3ResTime" : 1824.9300000000014,
    "throughput" : 14.209928003031452,
    "receivedKBytesPerSec" : 24.932502841985603,
    "sentKBytesPerSec" : 13.534123809918531
  },
  "财经" : {
    "transaction" : "财经",
    "sampleCount" : 50,
    "errorCount" : 0,
    "errorPct" : 0.0,
    "meanResTime" : 765.94,
    "medianResTime" : 778.5,
    "minResTime" : 150.0,
    "maxResTime" : 1295.0,
    "pct1ResTime" : 1095.8,
    "pct2ResTime" : 1139.35,
    "pct3ResTime" : 1295.0,
    "throughput" : 5.1140431625242915,
    "receivedKBytesPerSec" : 4.618020929221643,
    "sentKBytesPerSec" : 6.797282525314515
  },
  "HTTP Request Defaults" : {
    "transaction" : "HTTP Request Defaults",
    "sampleCount" : 100,
    "errorCount" : 0,
    "errorPct" : 0.0,
    "meanResTime" : 789.7399999999998,
    "medianResTime" : 818.5,
    "minResTime" : 159.0,
    "maxResTime" : 1282.0,
    "pct1ResTime" : 1127.5,
    "pct2ResTime" : 1188.6499999999999,
    "pct3ResTime" : 1281.3999999999996,
    "throughput" : 12.88992008249549,
    "receivedKBytesPerSec" : 73.14249202436194,
    "sentKBytesPerSec" : 12.774615719257541
  }
}