{
  "logout" : {
    "transaction" : "logout",
    "sampleCount" : 30,
    "errorCount" : 0,
    "errorPct" : 0.0,
    "meanResTime" : 184.7,
    "medianResTime" : 181.5,
    "minResTime" : 79.0,
    "maxResTime" : 449.0,
    "pct1ResTime" : 237.4,
    "pct2ResTime" : 411.04999999999995,
    "pct3ResTime" : 449.0,
    "throughput" : 16.189962223421478,
    "receivedKBytesPerSec" : 85.81681310712358,
    "sentKBytesPerSec" : 18.579984315974094
  },
  "JDBC Request" : {
    "transaction" : "JDBC Request",
    "sampleCount" : 10,
    "errorCount" : 0,
    "errorPct" : 0.0,
    "meanResTime" : 138.0,
    "medianResTime" : 40.5,
    "minResTime" : 18.0,
    "maxResTime" : 449.0,
    "pct1ResTime" : 439.0,
    "pct2ResTime" : 449.0,
    "pct3ResTime" : 449.0,
    "throughput" : 10.638297872340425,
    "receivedKBytesPerSec" : 0.5921708776595745,
    "sentKBytesPerSec" : 0.0
  },
  "娱乐" : {
    "transaction" : "娱乐",
    "sampleCount" : 10,
    "errorCount" : 0,
    "errorPct" : 0.0,
    "meanResTime" : 187.7,
    "medianResTime" : 166.0,
    "minResTime" : 124.0,
    "maxResTime" : 266.0,
    "pct1ResTime" : 265.7,
    "pct2ResTime" : 266.0,
    "pct3ResTime" : 266.0,
    "throughput" : 4.914004914004914,
    "receivedKBytesPerSec" : 4.0886056511056506,
    "sentKBytesPerSec" : 6.9751036547911545
  },
  "体育" : {
    "transaction" : "体育",
    "sampleCount" : 10,
    "errorCount" : 0,
    "errorPct" : 0.0,
    "meanResTime" : 198.5,
    "medianResTime" : 166.5,
    "minResTime" : 129.0,
    "maxResTime" : 266.0,
    "pct1ResTime" : 266.0,
    "pct2ResTime" : 266.0,
    "pct3ResTime" : 266.0,
    "throughput" : 5.7770075101097635,
    "receivedKBytesPerSec" : 4.89578820046216,
    "sentKBytesPerSec" : 8.170742164933564
  },
  "formhash" : {
    "transaction" : "formhash",
    "sampleCount" : 10,
    "errorCount" : 0,
    "errorPct" : 0.0,
    "meanResTime" : 494.90000000000003,
    "medianResTime" : 470.0,
    "minResTime" : 459.0,
    "maxResTime" : 598.0,
    "pct1ResTime" : 595.9,
    "pct2ResTime" : 598.0,
    "pct3ResTime" : 598.0,
    "throughput" : 16.72240802675585,
    "receivedKBytesPerSec" : 95.47939747073579,
    "sentKBytesPerSec" : 17.13556908444816
  },
  "Total" : {
    "transaction" : "Total",
    "sampleCount" : 220,
    "errorCount" : 0,
    "errorPct" : 0.0,
    "meanResTime" : 184.3363636363637,
    "medianResTime" : 135.5,
    "minResTime" : 0.0,
    "maxResTime" : 1702.0,
    "pct1ResTime" : 449.0,
    "pct2ResTime" : 761.399999999998,
    "pct3ResTime" : 1697.79,
    "throughput" : 44.48038819247877,
    "receivedKBytesPerSec" : 87.83336597755763,
    "sentKBytesPerSec" : 27.84526005863324
  },
  "name" : {
    "transaction" : "name",
    "sampleCount" : 30,
    "errorCount" : 0,
    "errorPct" : 0.0,
    "meanResTime" : 2.6000000000000005,
    "medianResTime" : 1.0,
    "minResTime" : 0.0,
    "maxResTime" : 10.0,
    "pct1ResTime" : 10.0,
    "pct2ResTime" : 10.0,
    "pct3ResTime" : 10.0,
    "throughput" : 7.237635705669481,
    "receivedKBytesPerSec" : 0.0,
    "sentKBytesPerSec" : 0.0
  },
  "调试取样器" : {
    "transaction" : "调试取样器",
    "sampleCount" : 30,
    "errorCount" : 0,
    "errorPct" : 0.0,
    "meanResTime" : 0.3,
    "medianResTime" : 0.0,
    "minResTime" : 0.0,
    "maxResTime" : 1.0,
    "pct1ResTime" : 1.0,
    "pct2ResTime" : 1.0,
    "pct3ResTime" : 1.0,
    "throughput" : 7.267441860465116,
    "receivedKBytesPerSec" : 5.604825278585271,
    "sentKBytesPerSec" : 0.0
  },
  "pwd" : {
    "transaction" : "pwd",
    "sampleCount" : 30,
    "errorCount" : 0,
    "errorPct" : 0.0,
    "meanResTime" : 1.0,
    "medianResTime" : 1.0,
    "minResTime" : 0.0,
    "maxResTime" : 4.0,
    "pct1ResTime" : 2.0,
    "pct2ResTime" : 2.8999999999999986,
    "pct3ResTime" : 4.0,
    "throughput" : 7.255139056831923,
    "receivedKBytesPerSec" : 0.0,
    "sentKBytesPerSec" : 0.0
  },
  "login" : {
    "transaction" : "login",
    "sampleCount" : 30,
    "errorCount" : 0,
    "errorPct" : 0.0,
    "meanResTime" : 651.6000000000001,
    "medianResTime" : 172.5,
    "minResTime" : 92.0,
    "maxResTime" : 1702.0,
    "pct1ResTime" : 1696.9,
    "pct2ResTime" : 1699.8,
    "pct3ResTime" : 1702.0,
    "throughput" : 7.286859363614282,
    "receivedKBytesPerSec" : 13.80518277872237,
    "sentKBytesPerSec" : 7.214512615375273
  },
  "财经" : {
    "transaction" : "财经",
    "sampleCount" : 10,
    "errorCount" : 0,
    "errorPct" : 0.0,
    "meanResTime" : 197.30000000000004,
    "medianResTime" : 174.5,
    "minResTime" : 144.0,
    "maxResTime" : 272.0,
    "pct1ResTime" : 271.3,
    "pct2ResTime" : 272.0,
    "pct3ResTime" : 272.0,
    "throughput" : 5.624296962879639,
    "receivedKBytesPerSec" : 4.6795908323959505,
    "sentKBytesPerSec" : 7.783389869235095
  },
  "HTTP Request Defaults" : {
    "transaction" : "HTTP Request Defaults",
    "sampleCount" : 20,
    "errorCount" : 0,
    "errorPct" : 0.0,
    "meanResTime" : 159.19999999999996,
    "medianResTime" : 158.5,
    "minResTime" : 49.0,
    "maxResTime" : 233.0,
    "pct1ResTime" : 192.0,
    "pct2ResTime" : 230.95,
    "pct3ResTime" : 233.0,
    "throughput" : 15.83531274742676,
    "receivedKBytesPerSec" : 89.20353325415678,
    "sentKBytesPerSec" : 16.76007026920032
  }
}