{
  "logout" : {
    "transaction" : "logout",
    "sampleCount" : 300,
    "errorCount" : 0,
    "errorPct" : 0.0,
    "meanResTime" : 1135.4933333333329,
    "medianResTime" : 1134.0,
    "minResTime" : 63.0,
    "maxResTime" : 2306.0,
    "pct1ResTime" : 1757.7,
    "pct2ResTime" : 1888.95,
    "pct3ResTime" : 2079.4300000000003,
    "throughput" : 12.421331566743955,
    "receivedKBytesPerSec" : 63.96100251790742,
    "sentKBytesPerSec" : 13.292442137297117
  },
  "JDBC Request" : {
    "transaction" : "JDBC Request",
    "sampleCount" : 100,
    "errorCount" : 0,
    "errorPct" : 0.0,
    "meanResTime" : 111.85000000000004,
    "medianResTime" : 78.5,
    "minResTime" : 14.0,
    "maxResTime" : 444.0,
    "pct1ResTime" : 261.30000000000007,
    "pct2ResTime" : 372.6999999999997,
    "pct3ResTime" : 443.88999999999993,
    "throughput" : 8.719155985700585,
    "receivedKBytesPerSec" : 0.48534364373528643,
    "sentKBytesPerSec" : 0.0
  },
  "娱乐" : {
    "transaction" : "娱乐",
    "sampleCount" : 100,
    "errorCount" : 0,
    "errorPct" : 0.0,
    "meanResTime" : 1210.17,
    "medianResTime" : 1208.5,
    "minResTime" : 150.0,
    "maxResTime" : 2395.0,
    "pct1ResTime" : 1809.2,
    "pct2ResTime" : 1916.0,
    "pct3ResTime" : 2391.6799999999985,
    "throughput" : 4.082632481424023,
    "receivedKBytesPerSec" : 3.6992477749652974,
    "sentKBytesPerSec" : 5.42623321017392
  },
  "体育" : {
    "transaction" : "体育",
    "sampleCount" : 100,
    "errorCount" : 0,
    "errorPct" : 0.0,
    "meanResTime" : 1216.1000000000008,
    "medianResTime" : 1225.5,
    "minResTime" : 263.0,
    "maxResTime" : 2506.0,
    "pct1ResTime" : 1880.9000000000003,
    "pct2ResTime" : 2003.2499999999998,
    "pct3ResTime" : 2502.9099999999985,
    "throughput" : 4.156103237604421,
    "receivedKBytesPerSec" : 3.7722319053655293,
    "sentKBytesPerSec" : 5.529646653297868
  },
  "formhash" : {
    "transaction" : "formhash",
    "sampleCount" : 100,
    "errorCount" : 0,
    "errorPct" : 0.0,
    "meanResTime" : 1150.2400000000002,
    "medianResTime" : 1104.5,
    "minResTime" : 405.0,
    "maxResTime" : 2266.0,
    "pct1ResTime" : 1937.5000000000002,
    "pct2ResTime" : 2052.8999999999996,
    "pct3ResTime" : 2265.3799999999997,
    "throughput" : 6.631739505272233,
    "receivedKBytesPerSec" : 38.281133426454005,
    "sentKBytesPerSec" : 6.2002878589429
  },
  "Total" : {
    "transaction" : "Total",
    "sampleCount" : 2200,
    "errorCount" : 0,
    "errorPct" : 0.0,
    "meanResTime" : 689.3940909090904,
    "medianResTime" : 556.0,
    "minResTime" : 0.0,
    "maxResTime" : 6074.0,
    "pct1ResTime" : 1597.6000000000004,
    "pct2ResTime" : 1890.8999999999996,
    "pct3ResTime" : 4083.859999999975,
    "throughput" : 84.26213183193535,
    "receivedKBytesPerSec" : 164.42576075299704,
    "sentKBytesPerSec" : 49.68200470862538
  },
  "name" : {
    "transaction" : "name",
    "sampleCount" : 300,
    "errorCount" : 0,
    "errorPct" : 0.0,
    "meanResTime" : 2.47,
    "medianResTime" : 1.0,
    "minResTime" : 0.0,
    "maxResTime" : 63.0,
    "pct1ResTime" : 2.0,
    "pct2ResTime" : 21.799999999999955,
    "pct3ResTime" : 33.99000000000001,
    "throughput" : 12.540757461750689,
    "receivedKBytesPerSec" : 0.0,
    "sentKBytesPerSec" : 0.0
  },
  "调试取样器" : {
    "transaction" : "调试取样器",
    "sampleCount" : 300,
    "errorCount" : 0,
    "errorPct" : 0.0,
    "meanResTime" : 0.15000000000000002,
    "medianResTime" : 0.0,
    "minResTime" : 0.0,
    "maxResTime" : 1.0,
    "pct1ResTime" : 1.0,
    "pct2ResTime" : 1.0,
    "pct3ResTime" : 1.0,
    "throughput" : 12.554402410445261,
    "receivedKBytesPerSec" : 9.68724171932541,
    "sentKBytesPerSec" : 0.0
  },
  "pwd" : {
    "transaction" : "pwd",
    "sampleCount" : 300,
    "errorCount" : 0,
    "errorPct" : 0.0,
    "meanResTime" : 0.6133333333333342,
    "medianResTime" : 0.0,
    "minResTime" : 0.0,
    "maxResTime" : 9.0,
    "pct1ResTime" : 1.0,
    "pct2ResTime" : 2.0,
    "pct3ResTime" : 7.980000000000018,
    "throughput" : 12.549675800041832,
    "receivedKBytesPerSec" : 0.0,
    "sentKBytesPerSec" : 0.0
  },
  "login" : {
    "transaction" : "login",
    "sampleCount" : 300,
    "errorCount" : 0,
    "errorPct" : 0.0,
    "meanResTime" : 1483.5799999999995,
    "medianResTime" : 1029.5,
    "minResTime" : 321.0,
    "maxResTime" : 6074.0,
    "pct1ResTime" : 3797.7000000000003,
    "pct2ResTime" : 4377.099999999999,
    "pct3ResTime" : 5595.710000000001,
    "throughput" : 12.103606874848705,
    "receivedKBytesPerSec" : 21.24403645202937,
    "sentKBytesPerSec" : 11.521869389473895
  },
  "财经" : {
    "transaction" : "财经",
    "sampleCount" : 100,
    "errorCount" : 0,
    "errorPct" : 0.0,
    "meanResTime" : 1228.1799999999998,
    "medianResTime" : 1213.0,
    "minResTime" : 396.0,
    "maxResTime" : 2456.0,
    "pct1ResTime" : 1717.6000000000001,
    "pct2ResTime" : 1818.9999999999998,
    "pct3ResTime" : 2451.7899999999977,
    "throughput" : 4.138216428719222,
    "receivedKBytesPerSec" : 3.7496120422098076,
    "sentKBytesPerSec" : 5.504231972894683
  },
  "HTTP Request Defaults" : {
    "transaction" : "HTTP Request Defaults",
    "sampleCount" : 200,
    "errorCount" : 0,
    "errorPct" : 0.0,
    "meanResTime" : 1191.6050000000014,
    "medianResTime" : 1193.5,
    "minResTime" : 472.0,
    "maxResTime" : 2472.0,
    "pct1ResTime" : 1656.7,
    "pct2ResTime" : 1848.8,
    "pct3ResTime" : 2180.5700000000015,
    "throughput" : 8.62738331464067,
    "receivedKBytesPerSec" : 48.97657665430075,
    "sentKBytesPerSec" : 8.54388979057027
  }
}